icl,inst,block
u_hcm_hbm_u0_hbm_octa_channel_u0,u_hcm/hbm_u0/hbm_octa_channel_u0,hbm_octa_channel_v0
u_hcm_hbm_u0_hbm_octa_channel_u0.hbm_ctrl_ip_u0_sdram_sys_top,u_hcm/hbm_u0/hbm_octa_channel_u0/hbm_ctrl_ip_u0/sdram_sys_top,nwl_sdram_sys_top
u_hcm_hbm_u0_hbm_octa_channel_u0.hbm_ctrl_ip_u0_sdram_sys_top_inst_1__sdram_sys_top,u_hcm/hbm_u0/hbm_octa_channel_u0/hbm_ctrl_ip_u0/sdram_sys_top_inst_1__sdram_sys_top,nwl_sdram_sys_top
u_hcm_hbm_u0_hbm_octa_channel_u0.hbm_ctrl_ip_u0_sdram_sys_top_inst_2__sdram_sys_top,u_hcm/hbm_u0/hbm_octa_channel_u0/hbm_ctrl_ip_u0/sdram_sys_top_inst_2__sdram_sys_top,nwl_sdram_sys_top
u_hcm_hbm_u0_hbm_octa_channel_u0.hbm_ctrl_ip_u0_sdram_sys_top_inst_3__sdram_sys_top,u_hcm/hbm_u0/hbm_octa_channel_u0/hbm_ctrl_ip_u0/sdram_sys_top_inst_3__sdram_sys_top,nwl_sdram_sys_top
u_hcm_hbm_u0_hbm_octa_channel_u0.hbm_ctrl_ip_u0_sdram_sys_top_inst_4__sdram_sys_top,u_hcm/hbm_u0/hbm_octa_channel_u0/hbm_ctrl_ip_u0/sdram_sys_top_inst_4__sdram_sys_top,nwl_sdram_sys_top
u_hcm_hbm_u0_hbm_octa_channel_u0.hbm_ctrl_ip_u0_sdram_sys_top_inst_5__sdram_sys_top,u_hcm/hbm_u0/hbm_octa_channel_u0/hbm_ctrl_ip_u0/sdram_sys_top_inst_5__sdram_sys_top,nwl_sdram_sys_top
u_hcm_hbm_u0_hbm_octa_channel_u0.hbm_ctrl_ip_u0_sdram_sys_top_inst_6__sdram_sys_top,u_hcm/hbm_u0/hbm_octa_channel_u0/hbm_ctrl_ip_u0/sdram_sys_top_inst_6__sdram_sys_top,nwl_sdram_sys_top
u_hcm_hbm_u0_hbm_octa_channel_u0.hbm_ctrl_ip_u0_sdram_sys_top_inst_7__sdram_sys_top,u_hcm/hbm_u0/hbm_octa_channel_u0/hbm_ctrl_ip_u0/sdram_sys_top_inst_7__sdram_sys_top,nwl_sdram_sys_top
u_hcm_hbm_u0_hbm_octa_channel_u1,u_hcm/hbm_u0/hbm_octa_channel_u1,hbm_octa_channel_v1
u_hcm_hbm_u0_hbm_octa_channel_u1.hbm_ctrl_ip_u0_sdram_sys_top,u_hcm/hbm_u0/hbm_octa_channel_u1/hbm_ctrl_ip_u0/sdram_sys_top,nwl_sdram_sys_top
u_hcm_hbm_u0_hbm_octa_channel_u1.hbm_ctrl_ip_u0_sdram_sys_top_inst_1__sdram_sys_top,u_hcm/hbm_u0/hbm_octa_channel_u1/hbm_ctrl_ip_u0/sdram_sys_top_inst_1__sdram_sys_top,nwl_sdram_sys_top
u_hcm_hbm_u0_hbm_octa_channel_u1.hbm_ctrl_ip_u0_sdram_sys_top_inst_2__sdram_sys_top,u_hcm/hbm_u0/hbm_octa_channel_u1/hbm_ctrl_ip_u0/sdram_sys_top_inst_2__sdram_sys_top,nwl_sdram_sys_top
u_hcm_hbm_u0_hbm_octa_channel_u1.hbm_ctrl_ip_u0_sdram_sys_top_inst_3__sdram_sys_top,u_hcm/hbm_u0/hbm_octa_channel_u1/hbm_ctrl_ip_u0/sdram_sys_top_inst_3__sdram_sys_top,nwl_sdram_sys_top
u_hcm_hbm_u0_hbm_octa_channel_u1.hbm_ctrl_ip_u0_sdram_sys_top_inst_4__sdram_sys_top,u_hcm/hbm_u0/hbm_octa_channel_u1/hbm_ctrl_ip_u0/sdram_sys_top_inst_4__sdram_sys_top,nwl_sdram_sys_top
u_hcm_hbm_u0_hbm_octa_channel_u1.hbm_ctrl_ip_u0_sdram_sys_top_inst_5__sdram_sys_top,u_hcm/hbm_u0/hbm_octa_channel_u1/hbm_ctrl_ip_u0/sdram_sys_top_inst_5__sdram_sys_top,nwl_sdram_sys_top
u_hcm_hbm_u0_hbm_octa_channel_u1.hbm_ctrl_ip_u0_sdram_sys_top_inst_6__sdram_sys_top,u_hcm/hbm_u0/hbm_octa_channel_u1/hbm_ctrl_ip_u0/sdram_sys_top_inst_6__sdram_sys_top,nwl_sdram_sys_top
u_hcm_hbm_u0_hbm_octa_channel_u1.hbm_ctrl_ip_u0_sdram_sys_top_inst_7__sdram_sys_top,u_hcm/hbm_u0/hbm_octa_channel_u1/hbm_ctrl_ip_u0/sdram_sys_top_inst_7__sdram_sys_top,nwl_sdram_sys_top
u_hcm_hbm_u0_hbm_octa_channel_u2,u_hcm/hbm_u0/hbm_octa_channel_u2,hbm_octa_channel_v0
u_hcm_hbm_u0_hbm_octa_channel_u2.hbm_ctrl_ip_u0_sdram_sys_top,u_hcm/hbm_u0/hbm_octa_channel_u2/hbm_ctrl_ip_u0/sdram_sys_top,nwl_sdram_sys_top
u_hcm_hbm_u0_hbm_octa_channel_u2.hbm_ctrl_ip_u0_sdram_sys_top_inst_1__sdram_sys_top,u_hcm/hbm_u0/hbm_octa_channel_u2/hbm_ctrl_ip_u0/sdram_sys_top_inst_1__sdram_sys_top,nwl_sdram_sys_top
u_hcm_hbm_u0_hbm_octa_channel_u2.hbm_ctrl_ip_u0_sdram_sys_top_inst_2__sdram_sys_top,u_hcm/hbm_u0/hbm_octa_channel_u2/hbm_ctrl_ip_u0/sdram_sys_top_inst_2__sdram_sys_top,nwl_sdram_sys_top
u_hcm_hbm_u0_hbm_octa_channel_u2.hbm_ctrl_ip_u0_sdram_sys_top_inst_3__sdram_sys_top,u_hcm/hbm_u0/hbm_octa_channel_u2/hbm_ctrl_ip_u0/sdram_sys_top_inst_3__sdram_sys_top,nwl_sdram_sys_top
u_hcm_hbm_u0_hbm_octa_channel_u2.hbm_ctrl_ip_u0_sdram_sys_top_inst_4__sdram_sys_top,u_hcm/hbm_u0/hbm_octa_channel_u2/hbm_ctrl_ip_u0/sdram_sys_top_inst_4__sdram_sys_top,nwl_sdram_sys_top
u_hcm_hbm_u0_hbm_octa_channel_u2.hbm_ctrl_ip_u0_sdram_sys_top_inst_5__sdram_sys_top,u_hcm/hbm_u0/hbm_octa_channel_u2/hbm_ctrl_ip_u0/sdram_sys_top_inst_5__sdram_sys_top,nwl_sdram_sys_top
u_hcm_hbm_u0_hbm_octa_channel_u2.hbm_ctrl_ip_u0_sdram_sys_top_inst_6__sdram_sys_top,u_hcm/hbm_u0/hbm_octa_channel_u2/hbm_ctrl_ip_u0/sdram_sys_top_inst_6__sdram_sys_top,nwl_sdram_sys_top
u_hcm_hbm_u0_hbm_octa_channel_u2.hbm_ctrl_ip_u0_sdram_sys_top_inst_7__sdram_sys_top,u_hcm/hbm_u0/hbm_octa_channel_u2/hbm_ctrl_ip_u0/sdram_sys_top_inst_7__sdram_sys_top,nwl_sdram_sys_top
u_hcm_hbm_u0_hbm_octa_channel_u3,u_hcm/hbm_u0/hbm_octa_channel_u3,hbm_octa_channel_v1
u_hcm_hbm_u0_hbm_octa_channel_u3.hbm_ctrl_ip_u0_sdram_sys_top,u_hcm/hbm_u0/hbm_octa_channel_u3/hbm_ctrl_ip_u0/sdram_sys_top,nwl_sdram_sys_top
u_hcm_hbm_u0_hbm_octa_channel_u3.hbm_ctrl_ip_u0_sdram_sys_top_inst_1__sdram_sys_top,u_hcm/hbm_u0/hbm_octa_channel_u3/hbm_ctrl_ip_u0/sdram_sys_top_inst_1__sdram_sys_top,nwl_sdram_sys_top
u_hcm_hbm_u0_hbm_octa_channel_u3.hbm_ctrl_ip_u0_sdram_sys_top_inst_2__sdram_sys_top,u_hcm/hbm_u0/hbm_octa_channel_u3/hbm_ctrl_ip_u0/sdram_sys_top_inst_2__sdram_sys_top,nwl_sdram_sys_top
u_hcm_hbm_u0_hbm_octa_channel_u3.hbm_ctrl_ip_u0_sdram_sys_top_inst_3__sdram_sys_top,u_hcm/hbm_u0/hbm_octa_channel_u3/hbm_ctrl_ip_u0/sdram_sys_top_inst_3__sdram_sys_top,nwl_sdram_sys_top
u_hcm_hbm_u0_hbm_octa_channel_u3.hbm_ctrl_ip_u0_sdram_sys_top_inst_4__sdram_sys_top,u_hcm/hbm_u0/hbm_octa_channel_u3/hbm_ctrl_ip_u0/sdram_sys_top_inst_4__sdram_sys_top,nwl_sdram_sys_top
u_hcm_hbm_u0_hbm_octa_channel_u3.hbm_ctrl_ip_u0_sdram_sys_top_inst_5__sdram_sys_top,u_hcm/hbm_u0/hbm_octa_channel_u3/hbm_ctrl_ip_u0/sdram_sys_top_inst_5__sdram_sys_top,nwl_sdram_sys_top
u_hcm_hbm_u0_hbm_octa_channel_u3.hbm_ctrl_ip_u0_sdram_sys_top_inst_6__sdram_sys_top,u_hcm/hbm_u0/hbm_octa_channel_u3/hbm_ctrl_ip_u0/sdram_sys_top_inst_6__sdram_sys_top,nwl_sdram_sys_top
u_hcm_hbm_u0_hbm_octa_channel_u3.hbm_ctrl_ip_u0_sdram_sys_top_inst_7__sdram_sys_top,u_hcm/hbm_u0/hbm_octa_channel_u3/hbm_ctrl_ip_u0/sdram_sys_top_inst_7__sdram_sys_top,nwl_sdram_sys_top
u_hcm_lif_u0_fxsch_u0_fxsch_ipro_crm_top_u0,u_hcm/lif_u0/fxsch_u0/fxsch_ipro_crm_top_u0,fxsch_ipro_crm_top
u_hcm_lif_u0_fxsch_u0_fxsch_opro_top_u0,u_hcm/lif_u0/fxsch_u0/fxsch_opro_top_u0,fxsch_opro_top
u_hcm_lif_u0_lif0_u0,u_hcm/lif_u0/lif0_u0,lif0
u_hcm_lif_u0_lif0_u1,u_hcm/lif_u0/lif0_u1,lif02
u_hcm_lif_u0_lif1_u0,u_hcm/lif_u0/lif1_u0,lif1
u_hcm_lif_u0_lif12_u0,u_hcm/lif_u0/lif12_u0,lif12
u_hcm_lif_u0_lif2_u0,u_hcm/lif_u0/lif2_u0,lif2
u_hcm_lif_u0_lifcc_u0,u_hcm/lif_u0/lifcc_u0,lifcc
u_hcm_lif_u0_rce_24_ch_1_u0_falcon_top_v1_u0_flexe_v1_u0_flexe_oh_v1_u0,u_hcm/lif_u0/rce_24_ch_1_u0/falcon_top_v1_u0/flexe_v1_u0/flexe_oh_v1_u0,flexe_oh_v1
u_hcm_lif_u0_rce_24_ch_1_u0_falcon_top_v1_u0_flexe_v1_u0_flexe_rx_v1_u0_flexe_rx_wrapper_0_v1_u0,u_hcm/lif_u0/rce_24_ch_1_u0/falcon_top_v1_u0/flexe_v1_u0/flexe_rx_v1_u0/flexe_rx_wrapper_0_v1_u0,flexe_rx_wrapper_0_v1
u_hcm_lif_u0_rce_24_ch_1_u0_falcon_top_v1_u0_flexe_v1_u0_flexe_rx_v1_u0_flexe_rx_wrapper_2_v1_u0,u_hcm/lif_u0/rce_24_ch_1_u0/falcon_top_v1_u0/flexe_v1_u0/flexe_rx_v1_u0/flexe_rx_wrapper_2_v1_u0,flexe_rx_wrapper_2_v1
u_hcm_lif_u0_rce_24_ch_1_u0_falcon_top_v1_u0_flexe_v1_u0_flexe_tx_v1_u0_flexe_tx_client_fifo_v1_u0_flexe_tx_client_fifo_h_v1_u0,u_hcm/lif_u0/rce_24_ch_1_u0/falcon_top_v1_u0/flexe_v1_u0/flexe_tx_v1_u0/flexe_tx_client_fifo_v1_u0/flexe_tx_client_fifo_h_v1_u0,flexe_tx_client_fifo_h_v1
u_hcm_lif_u0_rce_24_ch_1_u0_falcon_top_v1_u0_flexe_v1_u0_flexe_tx_v1_u0_flexe_tx_client_fifo_v1_u0_flexe_tx_client_fifo_l_v1_u0,u_hcm/lif_u0/rce_24_ch_1_u0/falcon_top_v1_u0/flexe_v1_u0/flexe_tx_v1_u0/flexe_tx_client_fifo_v1_u0/flexe_tx_client_fifo_l_v1_u0,flexe_tx_client_fifo_l_v1
u_hcm_lif_u0_rce_24_ch_1_u0_falcon_top_v1_u0_flexe_v1_u0_flexe_tx_v1_u0_flexe_tx_wrapper_01_v1_u0,u_hcm/lif_u0/rce_24_ch_1_u0/falcon_top_v1_u0/flexe_v1_u0/flexe_tx_v1_u0/flexe_tx_wrapper_01_v1_u0,flexe_tx_wrapper_01_v1
u_hcm_lif_u0_rce_24_ch_1_u0_falcon_top_v1_u0_mac_top_v1_u0_mac_rx_top_v1_u0_mac_rx_adapter_wrapper_0_v1_u0,u_hcm/lif_u0/rce_24_ch_1_u0/falcon_top_v1_u0/mac_top_v1_u0/mac_rx_top_v1_u0/mac_rx_adapter_wrapper_0_v1_u0,mac_rx_adapter_wrapper_0_v1
u_hcm_lif_u0_rce_24_ch_1_u0_falcon_top_v1_u0_mac_top_v1_u0_mac_rx_top_v1_u0_mac_rx_adapter_wrapper_1_v1_u0,u_hcm/lif_u0/rce_24_ch_1_u0/falcon_top_v1_u0/mac_top_v1_u0/mac_rx_top_v1_u0/mac_rx_adapter_wrapper_1_v1_u0,mac_rx_adapter_wrapper_1_v1
u_hcm_lif_u0_rce_24_ch_1_u0_falcon_top_v1_u0_mac_top_v1_u0_mac_rx_top_v1_u0_mac_rx_wrapper_v1_u0,u_hcm/lif_u0/rce_24_ch_1_u0/falcon_top_v1_u0/mac_top_v1_u0/mac_rx_top_v1_u0/mac_rx_wrapper_v1_u0,mac_rx_wrapper_v1
u_hcm_lif_u0_rce_24_ch_1_u0_falcon_top_v1_u0_mac_top_v1_u0_mac_tx_top_v1_u0,u_hcm/lif_u0/rce_24_ch_1_u0/falcon_top_v1_u0/mac_top_v1_u0/mac_tx_top_v1_u0,mac_tx_top_v1
u_hcm_lif_u0_rce_24_ch_1_u0_falcon_top_v1_u0_pcs_top_v1_u0_fec_fec_rx,u_hcm/lif_u0/rce_24_ch_1_u0/falcon_top_v1_u0/pcs_top_v1_u0/fec/fec_rx,fec_rx_v1
u_hcm_lif_u0_rce_24_ch_1_u0_falcon_top_v1_u0_pcs_top_v1_u0_fec_fec_tx,u_hcm/lif_u0/rce_24_ch_1_u0/falcon_top_v1_u0/pcs_top_v1_u0/fec/fec_tx,fec_tx_v1
u_hcm_lif_u0_rce_24_ch_1_u0_falcon_top_v1_u0_pcs_top_v1_u0_pcs,u_hcm/lif_u0/rce_24_ch_1_u0/falcon_top_v1_u0/pcs_top_v1_u0/pcs,pcs_v1
u_hcm_lif_u0_rce_24_ch_u0_falcon_top_v0_u0_flexe_v0_u0_flexe_oh_v0_u0,u_hcm/lif_u0/rce_24_ch_u0/falcon_top_v0_u0/flexe_v0_u0/flexe_oh_v0_u0,flexe_oh_v0
u_hcm_lif_u0_rce_24_ch_u0_falcon_top_v0_u0_flexe_v0_u0_flexe_rx_v0_u0_flexe_rx_wrapper_0_v0_u0,u_hcm/lif_u0/rce_24_ch_u0/falcon_top_v0_u0/flexe_v0_u0/flexe_rx_v0_u0/flexe_rx_wrapper_0_v0_u0,flexe_rx_wrapper_0_v0
u_hcm_lif_u0_rce_24_ch_u0_falcon_top_v0_u0_flexe_v0_u0_flexe_rx_v0_u0_flexe_rx_wrapper_2_v0_u0,u_hcm/lif_u0/rce_24_ch_u0/falcon_top_v0_u0/flexe_v0_u0/flexe_rx_v0_u0/flexe_rx_wrapper_2_v0_u0,flexe_rx_wrapper_2_v0
u_hcm_lif_u0_rce_24_ch_u0_falcon_top_v0_u0_flexe_v0_u0_flexe_tx_v0_u0_flexe_tx_client_fifo_v0_u0_flexe_tx_client_fifo_h_v0_u0,u_hcm/lif_u0/rce_24_ch_u0/falcon_top_v0_u0/flexe_v0_u0/flexe_tx_v0_u0/flexe_tx_client_fifo_v0_u0/flexe_tx_client_fifo_h_v0_u0,flexe_tx_client_fifo_h_v0
u_hcm_lif_u0_rce_24_ch_u0_falcon_top_v0_u0_flexe_v0_u0_flexe_tx_v0_u0_flexe_tx_client_fifo_v0_u0_flexe_tx_client_fifo_l_v0_u0,u_hcm/lif_u0/rce_24_ch_u0/falcon_top_v0_u0/flexe_v0_u0/flexe_tx_v0_u0/flexe_tx_client_fifo_v0_u0/flexe_tx_client_fifo_l_v0_u0,flexe_tx_client_fifo_l_v0
u_hcm_lif_u0_rce_24_ch_u0_falcon_top_v0_u0_flexe_v0_u0_flexe_tx_v0_u0_flexe_tx_wrapper_01_v0_u0,u_hcm/lif_u0/rce_24_ch_u0/falcon_top_v0_u0/flexe_v0_u0/flexe_tx_v0_u0/flexe_tx_wrapper_01_v0_u0,flexe_tx_wrapper_01_v0
u_hcm_lif_u0_rce_24_ch_u0_falcon_top_v0_u0_mac_top_v0_u0_mac_rx_top_v0_u0_mac_rx_adapter_wrapper_0_v0_u0,u_hcm/lif_u0/rce_24_ch_u0/falcon_top_v0_u0/mac_top_v0_u0/mac_rx_top_v0_u0/mac_rx_adapter_wrapper_0_v0_u0,mac_rx_adapter_wrapper_0_v0
u_hcm_lif_u0_rce_24_ch_u0_falcon_top_v0_u0_mac_top_v0_u0_mac_rx_top_v0_u0_mac_rx_adapter_wrapper_1_v0_u0,u_hcm/lif_u0/rce_24_ch_u0/falcon_top_v0_u0/mac_top_v0_u0/mac_rx_top_v0_u0/mac_rx_adapter_wrapper_1_v0_u0,mac_rx_adapter_wrapper_1_v0
u_hcm_lif_u0_rce_24_ch_u0_falcon_top_v0_u0_mac_top_v0_u0_mac_rx_top_v0_u0_mac_rx_wrapper_v0_u0,u_hcm/lif_u0/rce_24_ch_u0/falcon_top_v0_u0/mac_top_v0_u0/mac_rx_top_v0_u0/mac_rx_wrapper_v0_u0,mac_rx_wrapper_v0
u_hcm_lif_u0_rce_24_ch_u0_falcon_top_v0_u0_mac_top_v0_u0_mac_tx_top_v0_u0,u_hcm/lif_u0/rce_24_ch_u0/falcon_top_v0_u0/mac_top_v0_u0/mac_tx_top_v0_u0,mac_tx_top_v0
u_hcm_lif_u0_rce_24_ch_u0_falcon_top_v0_u0_pcs_top_v0_u0_fec_fec_rx_v0,u_hcm/lif_u0/rce_24_ch_u0/falcon_top_v0_u0/pcs_top_v0_u0/fec/fec_rx_v0,fec_rx_v0
u_hcm_lif_u0_rce_24_ch_u0_falcon_top_v0_u0_pcs_top_v0_u0_fec_fec_tx_v0,u_hcm/lif_u0/rce_24_ch_u0/falcon_top_v0_u0/pcs_top_v0_u0/fec/fec_tx_v0,fec_tx_v0
u_hcm_lif_u0_rce_24_ch_u0_falcon_top_v0_u0_pcs_top_v0_u0_pcs,u_hcm/lif_u0/rce_24_ch_u0/falcon_top_v0_u0/pcs_top_v0_u0/pcs,pcs_v0
u_hcm_mmu_u0_s_mmu_u0,u_hcm/mmu_u0/s_mmu_u0,s_mmu
u_hcm_mmu_u0_st_mmu_u0_st_mmu_rd_pack_u0,u_hcm/mmu_u0/st_mmu_u0/st_mmu_rd_pack_u0,st_mmu_rd_pack
u_hcm_mmu_u0_st_mmu_u0_st_mmu_wr_pack_u0,u_hcm/mmu_u0/st_mmu_u0/st_mmu_wr_pack_u0,st_mmu_wr_pack
u_hcm_nppu_u0_isu_u0,u_hcm/nppu_u0/isu_u0,isu
u_hcm_nppu_u0_odma_u0,u_hcm/nppu_u0/odma_u0,odma
u_hcm_nppu_u0_pkt_recv_u0,u_hcm/nppu_u0/pkt_recv_u0,pkt_recv
u_hcm_nppu_u0_pktrx_u0,u_hcm/nppu_u0/pktrx_u0,pktrx
u_hcm_ppu_u0,u_hcm/ppu_u0,ppu
u_hcm_ppu_u0.cluster_u0,u_hcm/ppu_u0/cluster_u0,cluster
u_hcm_ppu_u0.cluster_u1,u_hcm/ppu_u0/cluster_u1,cluster
u_hcm_ppu_u0.cluster_u10,u_hcm/ppu_u0/cluster_u10,cluster
u_hcm_ppu_u0.cluster_u11,u_hcm/ppu_u0/cluster_u11,cluster
u_hcm_ppu_u0.cluster_u12,u_hcm/ppu_u0/cluster_u12,cluster
u_hcm_ppu_u0.cluster_u13,u_hcm/ppu_u0/cluster_u13,cluster
u_hcm_ppu_u0.cluster_u14,u_hcm/ppu_u0/cluster_u14,cluster
u_hcm_ppu_u0.cluster_u15,u_hcm/ppu_u0/cluster_u15,cluster
u_hcm_ppu_u0.cluster_u2,u_hcm/ppu_u0/cluster_u2,cluster
u_hcm_ppu_u0.cluster_u3,u_hcm/ppu_u0/cluster_u3,cluster
u_hcm_ppu_u0.cluster_u4,u_hcm/ppu_u0/cluster_u4,cluster
u_hcm_ppu_u0.cluster_u5,u_hcm/ppu_u0/cluster_u5,cluster
u_hcm_ppu_u0.cluster_u6,u_hcm/ppu_u0/cluster_u6,cluster
u_hcm_ppu_u0.cluster_u7,u_hcm/ppu_u0/cluster_u7,cluster
u_hcm_ppu_u0.cluster_u8,u_hcm/ppu_u0/cluster_u8,cluster
u_hcm_ppu_u0.cluster_u9,u_hcm/ppu_u0/cluster_u9,cluster
u_hcm_ppu_u0.ppu_mf_out_group_u0,u_hcm/ppu_u0/ppu_mf_out_group_u0,ppu_mf_out_group
u_hcm_sa_u0_sa_asm_u0,u_hcm/sa_u0/sa_asm_u0,sa_asm
u_hcm_sa_u0_sa_mac_top_u0,u_hcm/sa_u0/sa_mac_top_u0,sa_mac_top
u_hcm_sa_u0_sa_mac_top_u1,u_hcm/sa_u0/sa_mac_top_u1,sa_mac_top
u_hcm_sa_u0_sa_xsw_u0,u_hcm/sa_u0/sa_xsw_u0,sa_xsw
u_hcm_se_u0_se_ex_u0_se_alg_top_u0_alg_altro_inst,u_hcm/se_u0/se_ex_u0/se_alg_top_u0/alg_altro_inst,alg_altro
u_hcm_se_u0_se_ex_u0_se_alg_top_u0_zgroup_u0,u_hcm/se_u0/se_ex_u0/se_alg_top_u0/zgroup_u0,zgroup_a0_v0
u_hcm_se_u0_se_ex_u0_se_alg_top_u0_zgroup_u1,u_hcm/se_u0/se_ex_u0/se_alg_top_u0/zgroup_u1,zgroup_a1_v0
u_hcm_se_u0_se_ex_u0_se_alg_top_u0_zgroup_u2,u_hcm/se_u0/se_ex_u0/se_alg_top_u0/zgroup_u2,zgroup_a0_v1
u_hcm_se_u0_se_ex_u0_se_alg_top_u0_zgroup_u3,u_hcm/se_u0/se_ex_u0/se_alg_top_u0/zgroup_u3,zgroup_a1_v1
u_hcm_se_u0_se_ex_u0_se_schd_other_u0,u_hcm/se_u0/se_ex_u0/se_schd_other_u0,se_schd_other
u_hcm_se_u0_se_ex_u0_se_smmu1_u0,u_hcm/se_u0/se_ex_u0/se_smmu1_u0,se_smmu1
u_hcm_se_u0_se_tcam_u0_etcam_egroup_u0,u_hcm/se_u0/se_tcam_u0/etcam_egroup_u0,etcam_egroup_v0
u_hcm_se_u0_se_tcam_u0_etcam_egroup_u1,u_hcm/se_u0/se_tcam_u0/etcam_egroup_u1,etcam_egroup_v1
u_hcm_se_u0_se_tcam_u0_etcam_egroup_u2,u_hcm/se_u0/se_tcam_u0/etcam_egroup_u2,etcam_egroup_h
u_hcm_se_u0_se_tcam_u0_etcam_egroup_u3,u_hcm/se_u0/se_tcam_u0/etcam_egroup_u3,etcam_egroup_h
u_hcm_se_u0_se_tcam_u0_se_tcam_other_u0,u_hcm/se_u0/se_tcam_u0/se_tcam_other_u0,se_tcam_other
u_hcm_se_u0_smmu0_u0,u_hcm/se_u0/smmu0_u0,smmu0
u_hcm_se_u0_stat_u0,u_hcm/se_u0/stat_u0,stat
u_hcm_tm_u0_crdt_u0,u_hcm/tm_u0/crdt_u0,crdt
u_hcm_tm_u0_qmu_top_u0,u_hcm/tm_u0/qmu_top_u0,qmu_top
u_hcm_tm_u0_qmu_top_u0.qmu_u0,u_hcm/tm_u0/qmu_top_u0/qmu_u0,qmu
u_hcm_tm_u0_qmu_top_u0.qmu_u1,u_hcm/tm_u0/qmu_top_u0/qmu_u1,qmu
u_hcm_tm_u0_shap_u0,u_hcm/tm_u0/shap_u0,shap
u_hcm_tm_u0_tm_others_u0,u_hcm/tm_u0/tm_others_u0,tm_others